swarm_run_id,agent_run_id,agent_name,tool_call_name,tool_call_output_json
cdf6a800-1765-43be-9289-b1198b998e7e,f638243d-265e-499a-b15c-05385b8c37fc,esi1_agent,create_plan,"{""tool_call_id"":""call_o5OzKiLHIwG0xsGDdl5ue9kC"",""tool_call_seq"":1,""tool_result_seq"":2,""arguments"":{""objective"":""Decide if immediate life-saving intervention is required for the patient."",""steps"":[{""step_id"":""S1"",""description"":""Assess current airway, breathing, circulation, or neurologic failure in the patient.""},{""step_id"":""S2"",""description"":""Determine if immediate life-saving intervention is required for the patient's condition.""},{""step_id"":""S3"",""description"":""Decide on ESI-1 status and prepare for appropriate handoff.""}],""notes"":""ESI-1 requires immediate intervention; assess patient condition carefully.""},""result"":{""objective"":""Decide if immediate life-saving intervention is required for the patient."",""steps"":[{""step_id"":""S1"",""description"":""Assess current airway, breathing, circulation, or neurologic failure in the patient.""},{""step_id"":""S2"",""description"":""Determine if immediate life-saving intervention is required for the patient's condition.""},{""step_id"":""S3"",""description"":""Decide on ESI-1 status and prepare for appropriate handoff.""}],""notes"":""ESI-1 requires immediate intervention; assess patient condition carefully.""},""tool_result_status"":""success"",""tool_result_text"":null}"
cdf6a800-1765-43be-9289-b1198b998e7e,f638243d-265e-499a-b15c-05385b8c37fc,esi1_agent,log_thought,"{""tool_call_id"":""call_PQncadK6sps68jPZhcaPA3Hu"",""tool_call_seq"":3,""tool_result_seq"":4,""arguments"":{""step"":""S1"",""thought"":""Assess the patient for any signs of airway, breathing, or circulation failure.""},""result"":{""step"":""S1"",""thought"":""Assess the patient for any signs of airway, breathing, or circulation failure.""},""tool_result_status"":""success"",""tool_result_text"":null}"
cdf6a800-1765-43be-9289-b1198b998e7e,f638243d-265e-499a-b15c-05385b8c37fc,esi1_agent,log_thought,"{""tool_call_id"":""call_qR0ibFJPYuHCQQlRILnXPedh"",""tool_call_seq"":5,""tool_result_seq"":6,""arguments"":{""step"":""S1"",""thought"":""Evaluate the patient's consciousness level and responsiveness upon arrival.""},""result"":{""step"":""S1"",""thought"":""Evaluate the patient's consciousness level and responsiveness upon arrival.""},""tool_result_status"":""success"",""tool_result_text"":null}"
cdf6a800-1765-43be-9289-b1198b998e7e,f638243d-265e-499a-b15c-05385b8c37fc,esi1_agent,log_thought,"{""tool_call_id"":""call_fLnGyXHqnSEamwFX5Y8wD6dB"",""tool_call_seq"":7,""tool_result_seq"":8,""arguments"":{""step"":""S2"",""thought"":""Review if immediate life-saving interventions like CPR or intubation are necessary for the patient.""},""result"":{""step"":""S2"",""thought"":""Review if immediate life-saving interventions like CPR or intubation are necessary for the patient.""},""tool_result_status"":""success"",""tool_result_text"":null}"
cdf6a800-1765-43be-9289-b1198b998e7e,f638243d-265e-499a-b15c-05385b8c37fc,esi1_agent,log_thought,"{""tool_call_id"":""call_71gaaRDVcONyW6XNpbMBckTN"",""tool_call_seq"":9,""tool_result_seq"":10,""arguments"":{""step"":""S2"",""thought"":""Consider the patient's vital signs for indications of severe distress or failure.""},""result"":{""step"":""S2"",""thought"":""Consider the patient's vital signs for indications of severe distress or failure.""},""tool_result_status"":""success"",""tool_result_text"":null}"
cdf6a800-1765-43be-9289-b1198b998e7e,f638243d-265e-499a-b15c-05385b8c37fc,esi1_agent,log_thought,"{""tool_call_id"":""call_A15sJ4nfX0ArVDDKqCS6wPP4"",""tool_call_seq"":11,""tool_result_seq"":12,""arguments"":{""step"":""S3"",""thought"":""The patient's condition does not clearly require immediate life-saving intervention now.""},""result"":{""step"":""S3"",""thought"":""The patient's condition does not clearly require immediate life-saving intervention now.""},""tool_result_status"":""success"",""tool_result_text"":null}"
cdf6a800-1765-43be-9289-b1198b998e7e,f638243d-265e-499a-b15c-05385b8c37fc,esi1_agent,final_esi1_false_handoff_to_esi2_agent,"{""tool_call_id"":""call_HRXEXkVKBBBqugQ24jzYL1u4"",""tool_call_seq"":13,""tool_result_seq"":14,""arguments"":{""is_esi1"":false,""brief_reason"":""Immediate life-saving intervention is not clearly required based on current assessment."",""carry_forward_concerns"":[""Severe abdominal pain"",""Hypertension"",""History of coronary artery disease""]},""result"":{""handoff_name"":""final_esi1_false_handoff_to_esi2_agent"",""from_agent"":""esi1_agent"",""target_agent"":""esi2_agent"",""payload_schema"":""ESI1ToESI2Payload"",""payload"":{""is_esi1"":false,""brief_reason"":""Immediate life-saving intervention is not clearly required based on current assessment."",""carry_forward_concerns"":[""Severe abdominal pain"",""Hypertension"",""History of coronary artery disease""]}},""tool_result_status"":""success"",""tool_result_text"":null}"
cdf6a800-1765-43be-9289-b1198b998e7e,f91efc9e-5d17-45d5-b24a-6952e5a40b36,vitals_agent,create_plan,"{""tool_call_id"":""call_W78RTS3fjbO3NqeHxGXoyGep"",""tool_call_seq"":1,""tool_result_seq"":2,""arguments"":{""objective"":""Evaluate this patient for vitals-only up-triage concerns."",""steps"":[{""step_id"":""S1"",""description"":""Check provided and missing vital signs.""},{""step_id"":""S2"",""description"":""Apply available vital-sign danger tools.""},{""step_id"":""S3"",""description"":""Decide up-triage and reassessment recommendation.""}]},""result"":{""objective"":""Evaluate this patient for vitals-only up-triage concerns."",""steps"":[{""step_id"":""S1"",""description"":""Check provided and missing vital signs.""},{""step_id"":""S2"",""description"":""Apply available vital-sign danger tools.""},{""step_id"":""S3"",""description"":""Decide up-triage and reassessment recommendation.""}],""notes"":null},""tool_result_status"":""success"",""tool_result_text"":null}"
cdf6a800-1765-43be-9289-b1198b998e7e,f91efc9e-5d17-45d5-b24a-6952e5a40b36,vitals_agent,log_thought,"{""tool_call_id"":""call_zQvC9B9Ht4uX1PxsQiEZO1fQ"",""tool_call_seq"":3,""tool_result_seq"":4,""arguments"":{""step"":""S1"",""thought"":""The provided vital signs indicate hypertension and hypothermia.""},""result"":{""step"":""S1"",""thought"":""The provided vital signs indicate hypertension and hypothermia.""},""tool_result_status"":""success"",""tool_result_text"":null}"
cdf6a800-1765-43be-9289-b1198b998e7e,f91efc9e-5d17-45d5-b24a-6952e5a40b36,vitals_agent,compute_esi_danger_zone,"{""tool_call_id"":""call_RPvzXUcDzYB8bkBSdW7jDkBG"",""tool_call_seq"":5,""tool_result_seq"":6,""arguments"":{""age_years"":62,""hr"":85,""rr"":16,""spo2"":97,""has_respiratory_compromise"":false},""result"":{""ok"":true,""age_band"":""adult"",""thresholds"":{""hr_gt"":100.0,""rr_gt"":20.0,""spo2_lt_when_respiratory_compromise"":92.0},""status"":""none"",""red_count"":0,""orange_count"":0,""missing_vitals"":[],""violations"":[],""summary"":""No danger-zone violations detected.""},""tool_result_status"":""success"",""tool_result_text"":null}"
cdf6a800-1765-43be-9289-b1198b998e7e,f91efc9e-5d17-45d5-b24a-6952e5a40b36,vitals_agent,compute_shock_index,"{""tool_call_id"":""call_9tvm4qdjhwWPFy15kK7KUWGh"",""tool_call_seq"":7,""tool_result_seq"":8,""arguments"":{""hr"":85,""sbp"":184},""result"":{""ok"":true,""si"":0.462,""band"":""normal"",""thresholds"":{""soft_ge"":0.9,""hard_ge"":1.0},""interpretation"":""No shock-index elevation detected."",""summary"":""Shock index 0.462 in normal band.""},""tool_result_status"":""success"",""tool_result_text"":null}"
cdf6a800-1765-43be-9289-b1198b998e7e,f91efc9e-5d17-45d5-b24a-6952e5a40b36,vitals_agent,log_thought,"{""tool_call_id"":""call_GM0eiZi5ZHzQBeO0w6Klhsqc"",""tool_call_seq"":9,""tool_result_seq"":10,""arguments"":{""step"":""S2"",""thought"":""No ESI danger-zone physiology or shock index elevation detected.""},""result"":{""step"":""S2"",""thought"":""No ESI danger-zone physiology or shock index elevation detected.""},""tool_result_status"":""success"",""tool_result_text"":null}"
cdf6a800-1765-43be-9289-b1198b998e7e,f91efc9e-5d17-45d5-b24a-6952e5a40b36,vitals_agent,log_thought,"{""tool_call_id"":""call_piVxyZTkluTbYcqjuNhfderU"",""tool_call_seq"":11,""tool_result_seq"":12,""arguments"":{""step"":""S3"",""thought"":""Hypertension and hypothermia indicate potential concerns for reassessment.""},""result"":{""step"":""S3"",""thought"":""Hypertension and hypothermia indicate potential concerns for reassessment.""},""tool_result_status"":""success"",""tool_result_text"":null}"
cdf6a800-1765-43be-9289-b1198b998e7e,f91efc9e-5d17-45d5-b24a-6952e5a40b36,vitals_agent,finalise_output,"{""tool_call_id"":""call_4StQt44mB79P9pFIfwbRxNJm"",""tool_call_seq"":13,""tool_result_seq"":14,""arguments"":{""consider_uptriage"":true,""reason"":""Hypertension and hypothermia raise concerns for possible instability."",""abnormal_vitals"":[""SBP 184"",""T 96.6°F""],""confidence"":0.6},""result"":{""handoff_name"":""finalise_output"",""from_agent"":""vitals_agent"",""target_agent"":""doctor_agent"",""payload_schema"":""VitalsToDoctorPayload"",""payload"":{""consider_uptriage"":true,""reason"":""Hypertension and hypothermia raise concerns for possible instability."",""abnormal_vitals"":[""SBP 184"",""T 96.6°F""],""confidence"":0.6}},""tool_result_status"":""success"",""tool_result_text"":null}"
cdf6a800-1765-43be-9289-b1198b998e7e,c03bceab-c88e-457b-a3d1-6a9e954f9f8e,esi2_agent,create_plan,"{""tool_call_id"":""call_E69JQTimDMglKYy6CwDt8Xq9"",""tool_call_seq"":1,""tool_result_seq"":2,""arguments"":{""objective"":""Determine if patient meets ESI-2 criteria."",""steps"":[{""step_id"":""S1"",""description"":""Assess for high-risk presentation or likelihood of deterioration.""},{""step_id"":""S2"",""description"":""Evaluate for new onset change in mental status or severe distress.""},{""step_id"":""S3"",""description"":""Route to Doctor if any ESI-2 trigger is found.""}],""notes"":""Any single ESI-2 trigger qualifies for Doctor handoff.""},""result"":{""objective"":""Determine if patient meets ESI-2 criteria."",""steps"":[{""step_id"":""S1"",""description"":""Assess for high-risk presentation or likelihood of deterioration.""},{""step_id"":""S2"",""description"":""Evaluate for new onset change in mental status or severe distress.""},{""step_id"":""S3"",""description"":""Route to Doctor if any ESI-2 trigger is found.""}],""notes"":""Any single ESI-2 trigger qualifies for Doctor handoff.""},""tool_result_status"":""success"",""tool_result_text"":null}"
cdf6a800-1765-43be-9289-b1198b998e7e,c03bceab-c88e-457b-a3d1-6a9e954f9f8e,esi2_agent,log_thought,"{""tool_call_id"":""call_gARZICdwJbdZ5dcjTlqoQnL9"",""tool_call_seq"":3,""tool_result_seq"":4,""arguments"":{""step"":""S1"",""thought"":""Patient has severe abdominal pain and hypertension.""},""result"":{""step"":""S1"",""thought"":""Patient has severe abdominal pain and hypertension.""},""tool_result_status"":""success"",""tool_result_text"":null}"
cdf6a800-1765-43be-9289-b1198b998e7e,c03bceab-c88e-457b-a3d1-6a9e954f9f8e,esi2_agent,log_thought,"{""tool_call_id"":""call_UoWiPN6vFBJerIOupQmjEfDI"",""tool_call_seq"":5,""tool_result_seq"":6,""arguments"":{""step"":""S2"",""thought"":""No new onset change in mental status noted.""},""result"":{""step"":""S2"",""thought"":""No new onset change in mental status noted.""},""tool_result_status"":""success"",""tool_result_text"":null}"
cdf6a800-1765-43be-9289-b1198b998e7e,c03bceab-c88e-457b-a3d1-6a9e954f9f8e,esi2_agent,log_thought,"{""tool_call_id"":""call_WK53Pmx6dUIM3NJl3mj0pqlC"",""tool_call_seq"":7,""tool_result_seq"":8,""arguments"":{""step"":""S3"",""thought"":""Patient requires routing to Doctor due to severe pain.""},""result"":{""step"":""S3"",""thought"":""Patient requires routing to Doctor due to severe pain.""},""tool_result_status"":""success"",""tool_result_text"":null}"
cdf6a800-1765-43be-9289-b1198b998e7e,c03bceab-c88e-457b-a3d1-6a9e954f9f8e,esi2_agent,final_esi2_true_handoff_to_doctor_agent,"{""tool_call_id"":""call_VXHZDBNGMcJKWY6OyMTYWpRD"",""tool_call_seq"":9,""tool_result_seq"":10,""arguments"":{""is_esi2"":true,""reason"":""Severe abdominal pain with hypertension indicates high risk."",""critical_concerns"":[""Severe abdominal pain"",""Hypertension"",""Risk of deterioration due to gallstones""]},""result"":{""handoff_name"":""final_esi2_true_handoff_to_doctor_agent"",""from_agent"":""esi2_agent"",""target_agent"":""doctor_agent"",""payload_schema"":""ESI2ToDoctorPayload"",""payload"":{""is_esi2"":true,""reason"":""Severe abdominal pain with hypertension indicates high risk."",""critical_concerns"":[""Severe abdominal pain"",""Hypertension"",""Risk of deterioration due to gallstones""]}},""tool_result_status"":""success"",""tool_result_text"":null}"
cdf6a800-1765-43be-9289-b1198b998e7e,9f8e87d7-23cf-4cd5-8de0-9019d6468101,doctor_agent,create_plan,"{""tool_call_id"":""call_UqNtjJiuNIPlitl97zOzPyw3"",""tool_call_seq"":1,""tool_result_seq"":2,""arguments"":{""objective"":""Determine final ESI level based on acuity and vitals."",""steps"":[{""step_id"":""S1"",""description"":""Evaluate routing based on ESI-2 and abnormal vitals.""},{""step_id"":""S2"",""description"":""Return final ESI level decision.""}]},""result"":{""objective"":""Determine final ESI level based on acuity and vitals."",""steps"":[{""step_id"":""S1"",""description"":""Evaluate routing based on ESI-2 and abnormal vitals.""},{""step_id"":""S2"",""description"":""Return final ESI level decision.""}],""notes"":null},""tool_result_status"":""success"",""tool_result_text"":null}"
cdf6a800-1765-43be-9289-b1198b998e7e,9f8e87d7-23cf-4cd5-8de0-9019d6468101,doctor_agent,log_thought,"{""tool_call_id"":""call_x4i3IsoLkqzdQf04zKX8k4M2"",""tool_call_seq"":3,""tool_result_seq"":4,""arguments"":{""step"":""S1"",""thought"":""Decision source is vitals, so final level becomes ESI-2.""},""result"":{""step"":""S1"",""thought"":""Decision source is vitals, so final level becomes ESI-2.""},""tool_result_status"":""success"",""tool_result_text"":null}"
cdf6a800-1765-43be-9289-b1198b998e7e,9f8e87d7-23cf-4cd5-8de0-9019d6468101,doctor_agent,final_answer,"{""tool_call_id"":""call_4CkggV4QZjI7oNgK7l9oYl7R"",""tool_call_seq"":5,""tool_result_seq"":6,""arguments"":{""final_esi_level"":2,""uptriaged"":true,""decision_source"":""vitals"",""audit_summary"":""Final level escalated due to dangerous vitals."",""abnormal_vitals_considered"":[""SBP 184"",""T 96.6°F""]},""result"":{""final_esi_level"":2,""uptriaged"":true,""decision_source"":""vitals"",""audit_summary"":""Final level escalated due to dangerous vitals."",""abnormal_vitals_considered"":[""SBP 184"",""T 96.6°F""]},""tool_result_status"":""success"",""tool_result_text"":null}"
